Section,Field,Value,Model,Strategy,Fold,RMSE,MAE
Metadata,Generated Date,2026-02-05 11:03:08,,,,,
Metadata,Analyzed File,C:\Users\praph\Desktop\Project - สำเนา\Data_stocks\META_10yr_data.csv,,,,,
Drift Detection,Number of Drift Points,13,,,,,
Drift Detection,Drift Points (Index),"[191, 415, 575, 735, 895, 1055, 1247, 1407, 1567, 1727, 1887, 2047, 2239]",,,,,
Drift Detection,Drift Dates,"['14/10/2015', '02/09/2016', '25/04/2017', '11/12/2017', '01/08/2018', '22/03/2019', '24/12/2019', '13/08/2020', '05/04/2021', '18/11/2021', '12/07/2022', '01/03/2023', '04/12/2023']",,,,,
Best Model (Accuracy),Winner,GRU,,,,23.38531466113623,
Best Model (Robustness),Most Robust,GRU,,,,,
Robustness Analysis,Model Performance,Rank #1,GRU,Before Drift,,7.41000057241309,
Robustness Analysis,Model Performance,Rank #1,GRU,After Drift,,24.614184975653398,
Robustness Analysis,Model Performance,Rank #1,GRU,Delta RMSE,,17.20418440324031,
Robustness Analysis,Model Performance,Rank #1,GRU,% Degradation,,232.17521017866414,
Robustness Analysis,Model Performance,Rank #2,LINEAR,Before Drift,,8.753388264142302,
Robustness Analysis,Model Performance,Rank #2,LINEAR,After Drift,,31.76854650967385,
Robustness Analysis,Model Performance,Rank #2,LINEAR,Delta RMSE,,23.01515824553155,
Robustness Analysis,Model Performance,Rank #2,LINEAR,% Degradation,,262.92856607094285,
Robustness Analysis,Model Performance,Rank #3,LSTM,Before Drift,,6.996417384896909,
Robustness Analysis,Model Performance,Rank #3,LSTM,After Drift,,26.41836413557123,
Robustness Analysis,Model Performance,Rank #3,LSTM,Delta RMSE,,19.421946750674323,
Robustness Analysis,Model Performance,Rank #3,LSTM,% Degradation,,277.59845764205363,
Robustness Analysis,Model Performance,Rank #4,RNN,Before Drift,,4.793055378235788,
Robustness Analysis,Model Performance,Rank #4,RNN,After Drift,,27.71865074035049,
Robustness Analysis,Model Performance,Rank #4,RNN,Delta RMSE,,22.925595362114702,
Robustness Analysis,Model Performance,Rank #4,RNN,% Degradation,,478.3085850878084,
Summary,Average Performance,Valid,RNN,Adaptive CV,14,26.08110821448516,23.64220027342615
Summary,Average Performance,Valid,RNN,Baseline CV,5,42.89967343229045,38.50627121857018
Summary,Average Performance,Valid,LSTM,Adaptive CV,14,25.031082224808785,22.384260249313545
Summary,Average Performance,Valid,LSTM,Baseline CV,5,43.985440897146916,38.080273568006746
Summary,Average Performance,Valid,GRU,Adaptive CV,14,23.38531466113623,21.07441181885653
Summary,Average Performance,Valid,GRU,Baseline CV,5,38.47964482900671,34.06811138224619
Summary,Average Performance,Valid,LINEAR,Adaptive CV,14,30.124606634993025,27.829760968685548
Summary,Average Performance,Valid,LINEAR,Baseline CV,5,62.2702095817996,57.953361999173374
Detailed Results,Fold 1,Adaptive CV,RNN,Adaptive CV,1,4.793055378235788,3.375581423475749
Detailed Results,Fold 2,Adaptive CV,RNN,Adaptive CV,2,8.893981307809476,8.541482277854819
Detailed Results,Fold 3,Adaptive CV,RNN,Adaptive CV,3,10.645010326631887,10.520322913361671
Detailed Results,Fold 4,Adaptive CV,RNN,Adaptive CV,4,8.93310040719532,8.376866971806068
Detailed Results,Fold 5,Adaptive CV,RNN,Adaptive CV,5,19.590024124870016,18.074299524460024
Detailed Results,Fold 6,Adaptive CV,RNN,Adaptive CV,6,15.305145620080532,13.341725974402575
Detailed Results,Fold 7,Adaptive CV,RNN,Adaptive CV,7,15.28720196617718,14.146085107828776
Detailed Results,Fold 8,Adaptive CV,RNN,Adaptive CV,8,45.073866459776625,35.897634172782624
Detailed Results,Fold 9,Adaptive CV,RNN,Adaptive CV,9,13.41730137923757,11.705794393474271
Detailed Results,Fold 10,Adaptive CV,RNN,Adaptive CV,10,16.981799696819852,14.788511381686583
Detailed Results,Fold 11,Adaptive CV,RNN,Adaptive CV,11,40.193402154483046,39.8870894464614
Detailed Results,Fold 12,Adaptive CV,RNN,Adaptive CV,12,39.688976762556244,30.543463314499082
Detailed Results,Fold 13,Adaptive CV,RNN,Adaptive CV,13,39.20791041660998,36.25813039593099
Detailed Results,Fold 14,Adaptive CV,RNN,Adaptive CV,14,87.12473900230867,85.5338165299414
Detailed Results,Fold 1,Baseline CV,RNN,Baseline CV,1,29.155096971357754,25.93026190977412
Detailed Results,Fold 2,Baseline CV,RNN,Baseline CV,2,21.82233964283067,17.26586074042119
Detailed Results,Fold 3,Baseline CV,RNN,Baseline CV,3,10.858263687609846,9.246185749150817
Detailed Results,Fold 4,Baseline CV,RNN,Baseline CV,4,78.19505319938085,76.72634268768115
Detailed Results,Fold 5,Baseline CV,RNN,Baseline CV,5,74.46761366027314,63.36270500582362
Detailed Results,Fold 1,Adaptive CV,LSTM,Adaptive CV,1,6.996417384896909,5.095523833448893
Detailed Results,Fold 2,Adaptive CV,LSTM,Adaptive CV,2,10.845353665244888,10.625670612001954
Detailed Results,Fold 3,Adaptive CV,LSTM,Adaptive CV,3,11.722822146590595,10.193397523454731
Detailed Results,Fold 4,Adaptive CV,LSTM,Adaptive CV,4,8.69855808139769,7.787122852722888
Detailed Results,Fold 5,Adaptive CV,LSTM,Adaptive CV,5,21.315245062068882,19.420089716245403
Detailed Results,Fold 6,Adaptive CV,LSTM,Adaptive CV,6,6.418902949240071,4.8536978433593765
Detailed Results,Fold 7,Adaptive CV,LSTM,Adaptive CV,7,19.343110412254344,18.574270252888997
Detailed Results,Fold 8,Adaptive CV,LSTM,Adaptive CV,8,35.668416210693145,26.46459153434054
Detailed Results,Fold 9,Adaptive CV,LSTM,Adaptive CV,9,15.402920417596448,13.29062069285386
Detailed Results,Fold 10,Adaptive CV,LSTM,Adaptive CV,10,23.454954308524183,20.943549654319856
Detailed Results,Fold 11,Adaptive CV,LSTM,Adaptive CV,11,38.82258643686862,38.34639694875919
Detailed Results,Fold 12,Adaptive CV,LSTM,Adaptive CV,12,37.56912271528587,28.91582443646599
Detailed Results,Fold 13,Adaptive CV,LSTM,Adaptive CV,13,24.340581075817887,20.930487319352213
Detailed Results,Fold 14,Adaptive CV,LSTM,Adaptive CV,14,89.83616028084343,87.93840027017578
Detailed Results,Fold 1,Baseline CV,LSTM,Baseline CV,1,24.59485853599326,22.454238332512457
Detailed Results,Fold 2,Baseline CV,LSTM,Baseline CV,2,30.8302878808717,24.19412242415789
Detailed Results,Fold 3,Baseline CV,LSTM,Baseline CV,3,14.042888483302907,11.622438516477017
Detailed Results,Fold 4,Baseline CV,LSTM,Baseline CV,4,79.28775511823082,72.70482182427253
Detailed Results,Fold 5,Baseline CV,LSTM,Baseline CV,5,71.17141446733594,59.42574674261387
Detailed Results,Fold 1,Adaptive CV,GRU,Adaptive CV,1,7.41000057241309,5.674750009864908
Detailed Results,Fold 2,Adaptive CV,GRU,Adaptive CV,2,11.980046992518599,11.509445941591798
Detailed Results,Fold 3,Adaptive CV,GRU,Adaptive CV,3,11.962917484622743,10.624736562976791
Detailed Results,Fold 4,Adaptive CV,GRU,Adaptive CV,4,9.523981813298825,8.856552138108917
Detailed Results,Fold 5,Adaptive CV,GRU,Adaptive CV,5,19.621992059772943,17.781910613384653
Detailed Results,Fold 6,Adaptive CV,GRU,Adaptive CV,6,11.170060771326053,8.9800890765625
Detailed Results,Fold 7,Adaptive CV,GRU,Adaptive CV,7,14.811651008079883,12.886783604329429
Detailed Results,Fold 8,Adaptive CV,GRU,Adaptive CV,8,24.982628573023582,21.339893119818477
Detailed Results,Fold 9,Adaptive CV,GRU,Adaptive CV,9,11.71570597867842,9.572978301654413
Detailed Results,Fold 10,Adaptive CV,GRU,Adaptive CV,10,26.824604503437705,23.743418963327212
Detailed Results,Fold 11,Adaptive CV,GRU,Adaptive CV,11,32.645472385255616,32.196585260167744
Detailed Results,Fold 12,Adaptive CV,GRU,Adaptive CV,12,31.16806524674942,24.852435841498163
Detailed Results,Fold 13,Adaptive CV,GRU,Adaptive CV,13,29.088707942072624,24.563245141634113
Detailed Results,Fold 14,Adaptive CV,GRU,Adaptive CV,14,84.48856992465774,82.45894088907227
Detailed Results,Fold 1,Baseline CV,GRU,Baseline CV,1,30.293766120640388,28.098173273458734
Detailed Results,Fold 2,Baseline CV,GRU,Baseline CV,2,17.145494883775207,13.14537015148749
Detailed Results,Fold 3,Baseline CV,GRU,Baseline CV,3,13.844197189914555,10.635285311447012
Detailed Results,Fold 4,Baseline CV,GRU,Baseline CV,4,66.21295976039187,63.0254985449332
Detailed Results,Fold 5,Baseline CV,GRU,Baseline CV,5,64.90180619031152,55.43622962990451
Detailed Results,Fold 1,Adaptive CV,LINEAR,Adaptive CV,1,8.753388264142302,7.604218687471573
Detailed Results,Fold 2,Adaptive CV,LINEAR,Adaptive CV,2,12.117958570242548,11.39590869852506
Detailed Results,Fold 3,Adaptive CV,LINEAR,Adaptive CV,3,12.123129282176981,11.931648661105767
Detailed Results,Fold 4,Adaptive CV,LINEAR,Adaptive CV,4,16.976741391957322,16.361003272504277
Detailed Results,Fold 5,Adaptive CV,LINEAR,Adaptive CV,5,21.464246109586192,19.463947349157372
Detailed Results,Fold 6,Adaptive CV,LINEAR,Adaptive CV,6,10.701699512268055,9.872978086837481
Detailed Results,Fold 7,Adaptive CV,LINEAR,Adaptive CV,7,12.035346865124534,10.93611431158013
Detailed Results,Fold 8,Adaptive CV,LINEAR,Adaptive CV,8,50.18784516263828,46.4430291903392
Detailed Results,Fold 9,Adaptive CV,LINEAR,Adaptive CV,9,12.05240356059657,10.152182560697394
Detailed Results,Fold 10,Adaptive CV,LINEAR,Adaptive CV,10,10.41011801824566,8.949097549081458
Detailed Results,Fold 11,Adaptive CV,LINEAR,Adaptive CV,11,74.46569867767786,69.72427195726709
Detailed Results,Fold 12,Adaptive CV,LINEAR,Adaptive CV,12,31.58191033129852,24.48371823306719
Detailed Results,Fold 13,Adaptive CV,LINEAR,Adaptive CV,13,49.06766182515577,47.18806097837272
Detailed Results,Fold 14,Adaptive CV,LINEAR,Adaptive CV,14,99.80634531879174,95.11047402559095
Detailed Results,Fold 1,Baseline CV,LINEAR,Baseline CV,1,27.63031271405005,27.16246241365596
Detailed Results,Fold 2,Baseline CV,LINEAR,Baseline CV,2,25.890175789442285,22.11878193113842
Detailed Results,Fold 3,Baseline CV,LINEAR,Baseline CV,3,16.034137496798493,13.44000417794412
Detailed Results,Fold 4,Baseline CV,LINEAR,Baseline CV,4,88.25888245435803,86.71879229327368
Detailed Results,Fold 5,Baseline CV,LINEAR,Baseline CV,5,153.53753945434914,140.32676917985472
